<?xml version="1.0" encoding="UTF-8" standalone="yes"?>
<addon id="plugin.video.tampablackbox" name="[COLOR blue]BlackBox Dec 5[/COLOR]" version="2020.12.05" provider-name="BlackBox">
  <requires>
    <import addon="xbmc.python" version="2.1.0"/>
  </requires>
  <extension point="xbmc.python.pluginsource" library="default.py">
        <provides>video executable</provides>
  </extension>
  <extension point="xbmc.addon.metadata">
    <summary lang="en">[COLOR lime]Tampa Black Box Builds[/COLOR]</summary>
    <description lang="en">[B]Tampa Black Box Kodi Builds[/B] for Android, Amazon Firestick / Fire TV, iPhone,iPad,Windows / Mac / Linux Computers and more. [CR][COLOR blue]Visit our website for installation and video tutorial.</description>
    <platform>all</platform>
  </extension>
</addon>
